# smart-archive listing 1	size (bytes)	modified (UTC, ISO 8601)	path (relative to data/)
100306	2005-06-01T12:00:00Z	2005/letter-2005-1.png
100207	2005-06-01T12:00:00Z	2005/letter-2005-2.png
100293	2005-06-01T12:00:00Z	2005/letter-2005-3.png
100252	2005-06-01T12:00:00Z	2005/letter-2005-4.png
100179	2006-06-01T12:00:00Z	2006/letter-2006-1.png
100236	2006-06-01T12:00:00Z	2006/letter-2006-2.png
100007	2006-06-01T12:00:00Z	2006/letter-2006-3.png
100132	2006-06-01T12:00:00Z	2006/letter-2006-4.png
100264	2007-06-01T12:00:00Z	2007/letter-2007-1.png
100134	2007-06-01T12:00:00Z	2007/letter-2007-2.png
100290	2007-06-01T12:00:00Z	2007/letter-2007-3.png
100090	2007-06-01T12:00:00Z	2007/letter-2007-4.png
100261	2008-06-01T12:00:00Z	2008/letter-2008-1.png
100161	2008-06-01T12:00:00Z	2008/letter-2008-2.png
100202	2008-06-01T12:00:00Z	2008/letter-2008-3.png
100132	2008-06-01T12:00:00Z	2008/letter-2008-4.png
