# arv listing 2	size (bytes)	modified (UTC, ISO 8601)	kind	link target	path (relative to data/)
632	2019-07-14T09:00:00Z	file	-	day1 Fushimi Inari/IMG_0100.png
673	2019-07-14T10:00:00Z	file	-	day1 Fushimi Inari/IMG_0101.png
655	2019-07-14T11:00:00Z	file	-	day1 Fushimi Inari/IMG_0102.png
551	2019-07-14T09:07:00Z	file	-	day1 Gion/IMG_0110.png
552	2019-07-14T10:07:00Z	file	-	day1 Gion/IMG_0111.png
551	2019-07-14T11:07:00Z	file	-	day1 Gion/IMG_0112.png
553	2019-07-15T09:07:00Z	file	-	day2 Arashiyama/IMG_0210.png
562	2019-07-15T10:07:00Z	file	-	day2 Arashiyama/IMG_0211.png
553	2019-07-15T11:07:00Z	file	-	day2 Arashiyama/IMG_0212.png
702	2019-07-15T09:00:00Z	file	-	day2 Kinkaku-ji/IMG_0200.png
663	2019-07-15T10:00:00Z	file	-	day2 Kinkaku-ji/IMG_0201.png
664	2019-07-15T11:00:00Z	file	-	day2 Kinkaku-ji/IMG_0202.png
678	2019-07-16T09:00:00Z	file	-	day3 Kiyomizu-dera/IMG_0300.png
667	2019-07-16T10:00:00Z	file	-	day3 Kiyomizu-dera/IMG_0301.png
640	2019-07-16T11:00:00Z	file	-	day3 Kiyomizu-dera/IMG_0302.png
147	2019-07-17T20:00:00Z	file	-	notes.txt
